dataset,model,eval_metrics/MSE[mean],eval_metrics/MSE[0.5],eval_metrics/MAE[0.5],eval_metrics/MASE[0.5],eval_metrics/MAPE[0.5],eval_metrics/sMAPE[0.5],eval_metrics/MSIS,eval_metrics/RMSE[mean],eval_metrics/NRMSE[mean],eval_metrics/ND[0.5],eval_metrics/mean_weighted_sum_quantile_loss,domain,num_variates
m4_weekly/W/short,feedforward,1565931.6494536104,1565931.6494536104,777.3877223055496,12.773758060502846,0.1605164712007178,0.15323713624250054,442.42099683990597,1251.3719069299943,0.22798056850786416,0.14162799556292707,0.21407116911562238,Econ/Fin,1
bizitobs_l2c/H/short,feedforward,220.31981646825398,220.31981646825398,11.200342571924603,1.0824341914423559,1.1436815147491382,0.963034190828838,13.759627636090535,14.843174069863021,0.8000850963913962,0.6037271491998107,0.5062270038393626,Web/CloudOps,7
bizitobs_l2c/H/medium,feedforward,96.4612072172619,96.4612072172619,6.503181966145833,0.6559731854751848,0.6831417455055622,0.810467020670573,5.563605713955049,9.821466653064698,0.5947047237942444,0.39377754581630225,0.317073957489233,Web/CloudOps,7
bizitobs_l2c/H/long,feedforward,96.18074156746032,96.18074156746032,6.770927889384921,0.715611061758289,0.8651396641803172,0.8409018864707342,6.121513816100801,9.807178063411529,0.5990507413721367,0.4135878175849441,0.33414573691883853,Web/CloudOps,7
