dataset,model,eval_metrics/MSE[mean],eval_metrics/MSE[0.5],eval_metrics/MAE[0.5],eval_metrics/MASE[0.5],eval_metrics/MAPE[0.5],eval_metrics/sMAPE[0.5],eval_metrics/MSIS,eval_metrics/RMSE[mean],eval_metrics/NRMSE[mean],eval_metrics/ND[0.5],eval_metrics/mean_weighted_sum_quantile_loss,domain,num_variates
m4_weekly/W/short,chronos_base,250217.70216413113,256385.2616241697,254.55244268266551,2.048322893598949,0.059941506166133224,0.05988116414536238,16.329202704739586,500.2176547905233,0.09113190466021369,0.0463755101712589,0.03701905792465905,Econ/Fin,1
bizitobs_l2c/H/short,chronos_base,240.01505146329364,255.1349361359127,10.268026684957837,0.9837317378179277,1.0002896608494454,0.9133048284621466,11.696781219304073,15.492419161102427,0.8350810695546156,0.5534729351900495,0.4630495931464331,Web/CloudOps,7
bizitobs_l2c/H/medium,chronos_base,353.4555431547619,363.50625,13.855487351190476,1.3035852387123368,1.2895268230718613,1.2749263218470983,29.998712032765724,18.800413377230882,1.1383935861794,0.8389708043913368,0.7724969147163269,Web/CloudOps,7
bizitobs_l2c/H/long,chronos_base,310.10877976190477,322.01706349206347,13.235336061507937,1.272258860369592,1.5256414944097765,1.0727831643725199,32.66581122994842,17.609905728365067,1.07566386720635,0.8084525261691481,0.7530873131826695,Web/CloudOps,7
