dataset,model,eval_metrics/MSE[mean],eval_metrics/MSE[0.5],eval_metrics/MAE[0.5],eval_metrics/MASE[0.5],eval_metrics/MAPE[0.5],eval_metrics/sMAPE[0.5],eval_metrics/MSIS,eval_metrics/RMSE[mean],eval_metrics/NRMSE[mean],eval_metrics/ND[0.5],eval_metrics/mean_weighted_sum_quantile_loss,domain,num_variates
m4_weekly/W/short,naive,453525.1459181487,453525.1459181487,347.99148275123207,2.777295047362158,0.08937289522218837,0.09161286714732429,26.631225199626535,673.442756229621,0.1226908336142798,0.06339865521526268,0.06087039452311706,Econ/Fin,1
bizitobs_l2c/H/short,naive,263.3054935515873,263.3054935515873,11.038767981150794,1.0860940042784581,1.2889937073778477,1.012692318579292,9.95825254038738,16.2266907763594,0.8746601901190734,0.5950178649574238,0.48632480596516664,Web/CloudOps,7
bizitobs_l2c/H/medium,naive,538.6467633928571,538.6467633928571,15.811579241071428,1.4850898274863054,1.1477882042734406,1.7614684262279354,15.525790979764977,23.20876479679298,1.4053259605351764,0.9574151394565906,0.8639523074274909,Web/CloudOps,7
bizitobs_l2c/H/long,naive,326.6440476190476,326.6440476190476,13.937010168650794,1.4278952141944932,2.5975948022295894,0.9060760013640873,17.133983554777487,18.07329653436383,1.103969115064981,0.8513128057896183,0.8178194151135174,Web/CloudOps,7
