dataset,model,eval_metrics/MSE[mean],eval_metrics/MSE[0.5],eval_metrics/MAE[0.5],eval_metrics/MASE[0.5],eval_metrics/MAPE[0.5],eval_metrics/sMAPE[0.5],eval_metrics/MSIS,eval_metrics/RMSE[mean],eval_metrics/NRMSE[mean],eval_metrics/ND[0.5],eval_metrics/mean_weighted_sum_quantile_loss,domain,num_variates
m4_weekly/W/short,timesfm_2_0_500m,347133.09209484456,347133.09209484456,283.60466973201125,2.2273698313487467,0.067725036022766,0.0707971146091215,19.2643305393006,589.1800167137753,0.10733946832274043,0.051668375707435515,0.041555784953903135,Econ/Fin,1
bizitobs_l2c/H/short,timesfm_2_0_500m,182.3603126002385,182.3603126002385,7.984539871072074,0.7787920204574459,0.5849742585704223,0.7511596017959496,5.318399742664995,13.504085033805085,0.7279047678815815,0.43038714781080517,0.3441834016900461,Web/CloudOps,7
bizitobs_l2c/H/medium,timesfm_2_0_500m,284.47101225469476,284.47101225469476,12.32500476917238,1.1844353877957685,1.3296187013533938,1.0039660974432825,17.40470046159264,16.86626847452319,1.021278174523046,0.7462977593805941,0.6406522964277515,Web/CloudOps,7
bizitobs_l2c/H/long,timesfm_2_0_500m,336.42170010938486,336.42170010938486,13.225689610978334,1.2874022140063501,1.5667735220499208,1.0435926202836603,24.82023987361247,18.341801986429385,1.1203702030316023,0.8078632931294292,0.716001931107376,Web/CloudOps,7
