dataset,model,eval_metrics/MSE[mean],eval_metrics/MSE[0.5],eval_metrics/MAE[0.5],eval_metrics/MASE[0.5],eval_metrics/MAPE[0.5],eval_metrics/sMAPE[0.5],eval_metrics/MSIS,eval_metrics/RMSE[mean],eval_metrics/NRMSE[mean],eval_metrics/ND[0.5],eval_metrics/mean_weighted_sum_quantile_loss,domain,num_variates
m4_weekly/W/short,moirai_small,438079.6297407328,455392.84336833085,339.1649882151275,2.911428044752672,0.08598046132168015,0.08791906971070147,23.840570617893977,661.8758416355237,0.12058352103163307,0.06179060469796331,0.04940023754256819,Econ/Fin,1
bizitobs_l2c/H/short,moirai_small,207.57496279761904,265.03168402777777,10.435102190290179,0.9893713819932306,0.6902476066022182,0.9677444336906312,6.8774739812193815,14.407462052617701,0.77659918389438,0.5624787915621411,0.4404423547634219,Web/CloudOps,7
bizitobs_l2c/H/medium,moirai_small,248.69399181547618,333.9355654761905,12.882757859002977,1.2248697091779794,0.9562504267853595,1.1854067121233258,6.848618844320218,15.770034616812868,0.9548995493550743,0.7800705561481305,0.5737448943629319,Web/CloudOps,7
bizitobs_l2c/H/long,moirai_small,269.2827628968254,353.8405257936508,13.147048611111112,1.277845484303303,0.9180145819114015,1.2237165178571427,6.523724549879555,16.409837381791004,1.0023602289870652,0.8030596738856364,0.6072775907943903,Web/CloudOps,7
