dataset,model,eval_metrics/MSE[mean],eval_metrics/MSE[0.5],eval_metrics/MAE[0.5],eval_metrics/MASE[0.5],eval_metrics/MAPE[0.5],eval_metrics/sMAPE[0.5],eval_metrics/MSIS,eval_metrics/RMSE[mean],eval_metrics/NRMSE[mean],eval_metrics/ND[0.5],eval_metrics/mean_weighted_sum_quantile_loss,domain,num_variates
electricity/H/short,timesfm_2_0_500m,1106981.9440206832,1106981.9440206832,140.74551585143485,0.762510699556798,0.15162641398769724,0.1116373975727103,7.445423398040681,1052.1320943782123,0.49668148538059953,0.06644193466511651,0.05399013082671805,Energy,1
electricity/H/medium,timesfm_2_0_500m,5806467.410692956,5806467.410692956,222.3202110499696,0.928382977741011,0.21532146752490494,0.12127386553865513,10.72640642932394,2409.6612647202005,0.9405702002572179,0.08677890477389467,0.0728426783764219,Energy,1
electricity/H/long,timesfm_2_0_500m,9886251.893520944,9886251.893520944,262.75319912436373,1.0543181257015157,0.28743150796537514,0.1337312711528928,15.039885949062457,3144.241067971879,1.2400877472242264,0.10362978401915744,0.08957307449400292,Energy,1
