dataset,model,eval_metrics/MSE[mean],eval_metrics/MSE[0.5],eval_metrics/MAE[0.5],eval_metrics/MASE[0.5],eval_metrics/MAPE[0.5],eval_metrics/sMAPE[0.5],eval_metrics/MSIS,eval_metrics/RMSE[mean],eval_metrics/NRMSE[mean],eval_metrics/ND[0.5],eval_metrics/mean_weighted_sum_quantile_loss,domain,num_variates
electricity/H/short,timesfm_2_0_500m,1107471.3014088608,1107471.3014088608,144.84321573371824,0.8086235107798877,0.17182021196668865,0.11497655013009295,8.619364504188113,1052.364623791992,0.496791255869731,0.06837634164219784,0.05610103980963653,Energy,1
electricity/H/medium,timesfm_2_0_500m,6909635.52628757,6909635.52628757,248.5109358125805,1.030874145450195,0.23786608314242536,0.12821719762246417,14.44819075226929,2628.618558537463,1.026036447612692,0.09700200774505482,0.08330588429374602,Energy,1
electricity/H/long,timesfm_2_0_500m,11543799.258101642,11543799.258101642,297.80234095038713,1.1902191716353197,0.3150711504969628,0.14265146463895678,21.08136781413078,3397.6167026463772,1.340019022597994,0.11745315518872597,0.10401985995920492,Energy,1
